Year,Predicted_CO2
2025,0.04186980646290451
2026,0.043203545296698245
2027,0.04159450735935961
2028,0.0401963750248178
2029,0.04122735857932884
2030,0.04060468848846456
2031,0.041105526190469206
2032,0.04202256812241914
2033,0.040510451648759487
2034,0.039767020214447966
