Year,Predicted_HCHO
2025,0.0003935026904671186
2026,0.0003935026904671186
2027,0.0003935026904671186
2028,0.0003935026904671186
2029,0.0003935026904671186
2030,0.0003935026904671186
2031,0.0003935026904671186
2032,0.0003935026904671186
2033,0.0003935026904671186
2034,0.0003935026904671186
2035,0.0003935026904671186
