Year,Chlorophyll_a
2019,98.76649475097656
2020,98.76649475097656
2021,98.76649475097656
2022,98.76649475097656
2023,98.76649475097656
2024,98.76649475097656
2025,98.76649475097656
2026,98.76649475097656
2027,98.76649475097656
2028,98.76649475097656
2029,98.76649475097656
2030,98.76649475097656
2031,98.76649475097656
2032,98.76649475097656
2033,98.76649475097656
2034,98.76649475097656
