Year,SO2_Predicted
2025,-0.007137681976109411
2026,-0.007137681976109411
2027,-0.007137681976109411
2028,-0.007137681976109411
2029,-0.007137681976109411
2030,-0.007137681976109411
2031,-0.007137681976109411
2032,-0.007137681976109411
2033,-0.007137681976109411
2034,-0.007137681976109411
2035,-0.007137681976109411
