Year,Predicted_O3
2025,0.0372291453837751
2026,0.0372291453837751
2027,0.0372291453837751
2028,0.0372291453837751
2029,0.0372291453837751
2030,0.0372291453837751
2031,0.0372291453837751
2032,0.0372291453837751
2033,0.0372291453837751
2034,0.0372291453837751
2035,0.0372291453837751
