Year,Predicted_CO
2025,0.05093054581752139
2026,0.04000616698427509
2027,0.05217484326890855
2028,0.07145685988545725
2029,0.03808838551323206
2030,0.03453833336791108
2031,0.07258051906744456
2032,0.058120147590756954
2033,0.029831584788195652
2034,0.05184746362901603
2035,0.033503099151449535
