Year,Predicted_AER_AI
2024,0.09235631373485675
2025,0.09235631373485675
2026,0.09235631373485675
2027,0.09235631373485675
2028,0.09235631373485675
2029,0.09235631373485675
2030,0.09235631373485675
2031,0.09235631373485675
2032,0.09235631373485675
2033,0.09235631373485675
2034,0.09235631373485675
