Year,Predicted_Chlor_a
2024,0.3152186036116189
2025,0.3152186036116189
2026,0.3152186036116189
2027,0.3152186036116189
2028,0.3152186036116189
2029,0.3152186036116189
2030,0.3152186036116189
2031,0.3152186036116189
2032,0.3152186036116189
2033,0.3152186036116189
2034,0.3152186036116189
